team,score,event,ranking,eventname,region
FaZe Clan,301,1,1,fall_reg1,na
NRG,250,1,2,fall_reg1,na
Spacestation Gaming,200,1,3,fall_reg1,na
Version1,200,1,4,fall_reg1,na
Complexity Gaming,150,1,5,fall_reg1,na
G2 Esports,150,1,6,fall_reg1,na
OpTic Gaming,150,1,7,fall_reg1,na
XSET,150,1,8,fall_reg1,na
Ghost Gaming,110,1,9,fall_reg1,na
Soniqs,110,1,10,fall_reg1,na
Torrent,110,1,11,fall_reg1,na
Rogue,70,1,12,fall_reg1,na
Shopify Rebellion,70,1,13,fall_reg1,na
Stromboli,70,1,14,fall_reg1,na
Gentlemen,40,1,15,fall_reg1,na
Limitless,40,1,16,fall_reg1,na
Akrew,0,1,17,fall_reg1,na
AllMid,0,1,18,fall_reg1,na
AXLE0R8,0,1,19,fall_reg1,na
Ducks on Quack,0,1,20,fall_reg1,na
eUnited,0,1,21,fall_reg1,na
Friends,0,1,22,fall_reg1,na
Nefarious,0,1,23,fall_reg1,na
Oxygen Esports,0,1,24,fall_reg1,na
Pittsburgh Knights,0,1,25,fall_reg1,na
Randoms,0,1,26,fall_reg1,na
sup,0,1,27,fall_reg1,na
NRG,551,2,1,fall_reg2,na
FaZe Clan,411,2,2,fall_reg2,na
G2 Esports,400,2,3,fall_reg2,na
Complexity Gaming,350,2,4,fall_reg2,na
OpTic Gaming,350,2,5,fall_reg2,na
Spacestation Gaming,350,2,6,fall_reg2,na
Version1,350,2,7,fall_reg2,na
XSET,300,2,8,fall_reg2,na
Ghost Gaming,260,2,9,fall_reg2,na
Torrent,220,2,10,fall_reg2,na
Soniqs,180,2,11,fall_reg2,na
Rogue,140,2,12,fall_reg2,na
Akrew,110,2,13,fall_reg2,na
Shopify Rebellion,70,2,14,fall_reg2,na
Stromboli,70,2,15,fall_reg2,na
sup,70,2,16,fall_reg2,na
eUnited,40,2,17,fall_reg2,na
Gentlemen,40,2,18,fall_reg2,na
Limitless,40,2,19,fall_reg2,na
Nefarious,40,2,20,fall_reg2,na
AllMid,0,2,21,fall_reg2,na
AXLE0R8,0,2,22,fall_reg2,na
Ducks on Quack,0,2,23,fall_reg2,na
Friends,0,2,24,fall_reg2,na
Oxygen Esports,0,2,25,fall_reg2,na
Pittsburgh Knights,0,2,26,fall_reg2,na
Randoms,0,2,27,fall_reg2,na
NRG,751,3,1,fall_reg3,na
G2 Esports,701,3,2,fall_reg3,na
FaZe Clan,611,3,3,fall_reg3,na
OpTic Gaming,600,3,4,fall_reg3,na
Complexity Gaming,500,3,5,fall_reg3,na
Spacestation Gaming,500,3,6,fall_reg3,na
Ghost Gaming,410,3,7,fall_reg3,na
Version1,390,3,8,fall_reg3,na
XSET,370,3,9,fall_reg3,na
Torrent,220,3,10,fall_reg3,na
Rogue,210,3,11,fall_reg3,na
Soniqs,180,3,12,fall_reg3,na
Stromboli,180,3,13,fall_reg3,na
Akrew,150,3,14,fall_reg3,na
eUnited,150,3,15,fall_reg3,na
Oxygen Esports,150,3,16,fall_reg3,na
Ducks on Quack,110,3,17,fall_reg3,na
AXLE0R8,70,3,18,fall_reg3,na
Shopify Rebellion,70,3,19,fall_reg3,na
sup,70,3,20,fall_reg3,na
Gentlemen,40,3,21,fall_reg3,na
Limitless,40,3,22,fall_reg3,na
Nefarious,40,3,23,fall_reg3,na
AllMid,0,3,24,fall_reg3,na
Friends,0,3,25,fall_reg3,na
Pittsburgh Knights,0,3,26,fall_reg3,na
Randoms,0,3,27,fall_reg3,na
NRG,1251,4,1,fall_maj,na
FaZe Clan,1011,4,2,fall_maj,na
G2 Esports,921,4,3,fall_maj,na
Complexity Gaming,800,4,4,fall_maj,na
OpTic Gaming,740,4,5,fall_maj,na
Spacestation Gaming,500,4,6,fall_maj,na
Ghost Gaming,410,4,7,fall_maj,na
Version1,390,4,8,fall_maj,na
XSET,370,4,9,fall_maj,na
Torrent,220,4,10,fall_maj,na
Rogue,210,4,11,fall_maj,na
Soniqs,180,4,12,fall_maj,na
Stromboli,180,4,13,fall_maj,na
Akrew,150,4,14,fall_maj,na
eUnited,150,4,15,fall_maj,na
Oxygen Esports,150,4,16,fall_maj,na
Ducks on Quack,110,4,17,fall_maj,na
AXLE0R8,70,4,18,fall_maj,na
Shopify Rebellion,70,4,19,fall_maj,na
sup,70,4,20,fall_maj,na
Gentlemen,40,4,21,fall_maj,na
Limitless,40,4,22,fall_maj,na
Nefarious,40,4,23,fall_maj,na
AllMid,0,4,24,fall_maj,na
Friends,0,4,25,fall_maj,na
Pittsburgh Knights,0,4,26,fall_maj,na
Randoms,0,4,27,fall_maj,na
NRG,1602,5,1,win_reg1,na
FaZe Clan,1271,5,2,win_reg1,na
G2 Esports,1111,5,3,win_reg1,na
Complexity Gaming,960,5,4,win_reg1,na
OpTic Gaming,800,5,5,win_reg1,na
Spacestation Gaming,800,5,6,win_reg1,na
Version1,610,5,7,win_reg1,na
Ghost Gaming,470,5,8,win_reg1,na
XSET,430,5,9,win_reg1,na
Oxygen Esports,340,5,10,win_reg1,na
Rogue,320,5,11,win_reg1,na
Soniqs,290,5,12,win_reg1,na
Torrent,280,5,13,win_reg1,na
Akrew,260,5,14,win_reg1,na
Shopify Rebellion,230,5,15,win_reg1,na
Stromboli,180,5,16,win_reg1,na
sup,180,5,17,win_reg1,na
eUnited,150,5,18,win_reg1,na
Ducks on Quack,110,5,19,win_reg1,na
AXLE0R8,70,5,20,win_reg1,na
Gentlemen,40,5,21,win_reg1,na
Limitless,40,5,22,win_reg1,na
Nefarious,40,5,23,win_reg1,na
AllMid,0,5,24,win_reg1,na
Friends,0,5,25,win_reg1,na
Pittsburgh Knights,0,5,26,win_reg1,na
Randoms,0,5,27,win_reg1,na
NRG,1902,6,1,win_reg2,na
FaZe Clan,1531,6,2,win_reg2,na
G2 Esports,1462,6,3,win_reg2,na
Complexity Gaming,1020,6,4,win_reg2,na
Spacestation Gaming,1020,6,5,win_reg2,na
OpTic Gaming,960,6,6,win_reg2,na
Version1,720,6,7,win_reg2,na
XSET,590,6,8,win_reg2,na
Ghost Gaming,530,6,9,win_reg2,na
Oxygen Esports,530,6,10,win_reg2,na
Rogue,510,6,11,win_reg2,na
Soniqs,350,6,12,win_reg2,na
Shopify Rebellion,340,6,13,win_reg2,na
Stromboli,290,6,14,win_reg2,na
Torrent,280,6,15,win_reg2,na
Akrew,260,6,16,win_reg2,na
sup,180,6,17,win_reg2,na
eUnited,150,6,18,win_reg2,na
Limitless,150,6,19,win_reg2,na
Ducks on Quack,110,6,20,win_reg2,na
Gentlemen,100,6,21,win_reg2,na
AXLE0R8,70,6,22,win_reg2,na
Nefarious,40,6,23,win_reg2,na
AllMid,0,6,24,win_reg2,na
Friends,0,6,25,win_reg2,na
Pittsburgh Knights,0,6,26,win_reg2,na
Randoms,0,6,27,win_reg2,na
NRG,2202,7,1,win_reg3,na
FaZe Clan,1751,7,2,win_reg3,na
G2 Esports,1722,7,3,win_reg3,na
Complexity Gaming,1210,7,4,win_reg3,na
Spacestation Gaming,1130,7,5,win_reg3,na
Version1,1071,7,6,win_reg3,na
OpTic Gaming,1070,7,7,win_reg3,na
Oxygen Esports,720,7,8,win_reg3,na
XSET,650,7,9,win_reg3,na
Rogue,620,7,10,win_reg3,na
Ghost Gaming,530,7,11,win_reg3,na
Soniqs,460,7,12,win_reg3,na
Torrent,440,7,13,win_reg3,na
Shopify Rebellion,400,7,14,win_reg3,na
Stromboli,350,7,15,win_reg3,na
Akrew,260,7,16,win_reg3,na
sup,180,7,17,win_reg3,na
Randoms,160,7,18,win_reg3,na
eUnited,150,7,19,win_reg3,na
Limitless,150,7,20,win_reg3,na
Ducks on Quack,110,7,21,win_reg3,na
Gentlemen,100,7,22,win_reg3,na
AXLE0R8,70,7,23,win_reg3,na
AllMid,60,7,24,win_reg3,na
Nefarious,40,7,25,win_reg3,na
Friends,0,7,26,win_reg3,na
Pittsburgh Knights,0,7,27,win_reg3,na
G2 Esports,2423,8,1,win_maj,na
NRG,2422,8,2,win_maj,na
FaZe Clan,2191,8,3,win_maj,na
Spacestation Gaming,1650,8,4,win_maj,na
Version1,1451,8,5,win_maj,na
Complexity Gaming,1210,8,6,win_maj,na
OpTic Gaming,1070,8,7,win_maj,na
Oxygen Esports,720,8,8,win_maj,na
XSET,650,8,9,win_maj,na
Rogue,620,8,10,win_maj,na
Ghost Gaming,530,8,11,win_maj,na
Soniqs,460,8,12,win_maj,na
Torrent,440,8,13,win_maj,na
Shopify Rebellion,400,8,14,win_maj,na
Stromboli,350,8,15,win_maj,na
Akrew,260,8,16,win_maj,na
sup,180,8,17,win_maj,na
Randoms,160,8,18,win_maj,na
eUnited,150,8,19,win_maj,na
Limitless,150,8,20,win_maj,na
Ducks on Quack,110,8,21,win_maj,na
Gentlemen,100,8,22,win_maj,na
AXLE0R8,70,8,23,win_maj,na
AllMid,60,8,24,win_maj,na
Nefarious,40,8,25,win_maj,na
Friends,0,8,26,win_maj,na
Pittsburgh Knights,0,8,27,win_maj,na
G2 Esports,2824,9,1,spr_reg1,na
NRG,2552,9,2,spr_reg1,na
FaZe Clan,2491,9,3,spr_reg1,na
Spacestation Gaming,2000,9,4,spr_reg1,na
Version1,1661,9,5,spr_reg1,na
Complexity Gaming,1340,9,6,spr_reg1,na
OpTic Gaming,1280,9,7,spr_reg1,na
Oxygen Esports,850,9,8,spr_reg1,na
Rogue,800,9,9,spr_reg1,na
Ghost Gaming,780,9,10,spr_reg1,na
XSET,650,9,11,spr_reg1,na
Soniqs,540,9,12,spr_reg1,na
Akrew,440,9,13,spr_reg1,na
Torrent,440,9,14,spr_reg1,na
Stromboli,430,9,15,spr_reg1,na
Shopify Rebellion,400,9,16,spr_reg1,na
AXLE0R8,200,9,17,spr_reg1,na
Randoms,160,9,18,spr_reg1,na
eUnited,150,9,19,spr_reg1,na
Limitless,150,9,20,spr_reg1,na
AllMid,140,9,21,spr_reg1,na
Ducks on Quack,110,9,22,spr_reg1,na
Gentlemen,100,9,23,spr_reg1,na
Friends,80,9,24,spr_reg1,na
Nefarious,40,9,25,spr_reg1,na
Pittsburgh Knights,0,9,26,spr_reg1,na
sup,0,9,27,spr_reg1,na
G2 Esports,3225,10,1,spr_reg2,na
NRG,2802,10,2,spr_reg2,na
FaZe Clan,2671,10,3,spr_reg2,na
Spacestation Gaming,2130,10,4,spr_reg2,na
Version1,2011,10,5,spr_reg2,na
OpTic Gaming,1580,10,6,spr_reg2,na
Complexity Gaming,1550,10,7,spr_reg2,na
Oxygen Esports,930,10,8,spr_reg2,na
Rogue,930,10,9,spr_reg2,na
Ghost Gaming,860,10,10,spr_reg2,na
XSET,780,10,11,spr_reg2,na
Soniqs,720,10,12,spr_reg2,na
Torrent,650,10,13,spr_reg2,na
Akrew,440,10,14,spr_reg2,na
Stromboli,430,10,15,spr_reg2,na
Shopify Rebellion,400,10,16,spr_reg2,na
AXLE0R8,280,10,17,spr_reg2,na
AllMid,220,10,18,spr_reg2,na
Randoms,160,10,19,spr_reg2,na
eUnited,150,10,20,spr_reg2,na
Limitless,150,10,21,spr_reg2,na
Pittsburgh Knights,130,10,22,spr_reg2,na
Ducks on Quack,110,10,23,spr_reg2,na
Gentlemen,100,10,24,spr_reg2,na
Friends,80,10,25,spr_reg2,na
Nefarious,40,10,26,spr_reg2,na
sup,0,10,27,spr_reg2,na
G2 Esports,3575,11,1,spr_reg3,na
FaZe Clan,3072,11,2,spr_reg3,na
NRG,2932,11,3,spr_reg3,na
Spacestation Gaming,2380,11,4,spr_reg3,na
Version1,2311,11,5,spr_reg3,na
OpTic Gaming,1790,11,6,spr_reg3,na
Complexity Gaming,1760,11,7,spr_reg3,na
Oxygen Esports,1110,11,8,spr_reg3,na
Rogue,1060,11,9,spr_reg3,na
Ghost Gaming,940,11,10,spr_reg3,na
Soniqs,850,11,11,spr_reg3,na
XSET,780,11,12,spr_reg3,na
Torrent,650,11,13,spr_reg3,na
Akrew,620,11,14,spr_reg3,na
Stromboli,510,11,15,spr_reg3,na
Shopify Rebellion,480,11,16,spr_reg3,na
Randoms,290,11,17,spr_reg3,na
AXLE0R8,280,11,18,spr_reg3,na
AllMid,220,11,19,spr_reg3,na
Pittsburgh Knights,210,11,20,spr_reg3,na
eUnited,150,11,21,spr_reg3,na
Limitless,150,11,22,spr_reg3,na
Ducks on Quack,110,11,23,spr_reg3,na
Gentlemen,100,11,24,spr_reg3,na
Friends,80,11,25,spr_reg3,na
Nefarious,40,11,26,spr_reg3,na
sup,0,11,27,spr_reg3,na
G2 Esports,3835,12,1,spr_maj,na
FaZe Clan,3332,12,2,spr_maj,na
NRG,2932,12,3,spr_maj,na
Version1,2911,12,4,spr_maj,na
Spacestation Gaming,2800,12,5,spr_maj,na
OpTic Gaming,2150,12,6,spr_maj,na
Complexity Gaming,1760,12,7,spr_maj,na
Oxygen Esports,1110,12,8,spr_maj,na
Rogue,1060,12,9,spr_maj,na
Ghost Gaming,940,12,10,spr_maj,na
Soniqs,850,12,11,spr_maj,na
XSET,780,12,12,spr_maj,na
Torrent,650,12,13,spr_maj,na
Akrew,620,12,14,spr_maj,na
Stromboli,510,12,15,spr_maj,na
Shopify Rebellion,480,12,16,spr_maj,na
Randoms,290,12,17,spr_maj,na
AXLE0R8,280,12,18,spr_maj,na
AllMid,220,12,19,spr_maj,na
Pittsburgh Knights,210,12,20,spr_maj,na
eUnited,150,12,21,spr_maj,na
Limitless,150,12,22,spr_maj,na
Ducks on Quack,110,12,23,spr_maj,na
Gentlemen,100,12,24,spr_maj,na
Friends,80,12,25,spr_maj,na
Nefarious,40,12,26,spr_maj,na
sup,0,12,27,spr_maj,na
Endpoint CeX,301,1,1,fall_reg1,eu
Team BDS,250,1,2,fall_reg1,eu
Dignitas,200,1,3,fall_reg1,eu
Karmine Corp,200,1,4,fall_reg1,eu
Evil Geniuses,150,1,5,fall_reg1,eu
Misfits Gaming,150,1,6,fall_reg1,eu
SMPR Esports,150,1,7,fall_reg1,eu
Williams Resolve,150,1,8,fall_reg1,eu
00 Nation DNB,110,1,9,fall_reg1,eu
Heroic,110,1,10,fall_reg1,eu
Moist Esports,110,1,11,fall_reg1,eu
Guild Esports,70,1,12,fall_reg1,eu
Natus Vincere,70,1,13,fall_reg1,eu
Vodafone Giants,70,1,14,fall_reg1,eu
Luminosity Gaming,40,1,15,fall_reg1,eu
Team Vitality,40,1,16,fall_reg1,eu
Aogiri,0,1,17,fall_reg1,eu
BS+COMPETITION,0,1,18,fall_reg1,eu
FC Barcelona,0,1,19,fall_reg1,eu
GROS NOOBZ,0,1,20,fall_reg1,eu
Juicers,0,1,21,fall_reg1,eu
Rix.GG,0,1,22,fall_reg1,eu
SK Gaming,0,1,23,fall_reg1,eu
Solary,0,1,24,fall_reg1,eu
Stormtroopers,0,1,25,fall_reg1,eu
Team Liquid,0,1,26,fall_reg1,eu
Team Singularity,0,1,27,fall_reg1,eu
The Bricks,0,1,28,fall_reg1,eu
Wolves Esports,0,1,29,fall_reg1,eu
WYLDE,0,1,30,fall_reg1,eu
Dignitas,501,2,1,fall_reg2,eu
Team BDS,450,2,2,fall_reg2,eu
Endpoint CeX,411,2,3,fall_reg2,eu
Misfits Gaming,350,2,4,fall_reg2,eu
SMPR Esports,300,2,5,fall_reg2,eu
Team Vitality,290,2,6,fall_reg2,eu
00 Nation DNB,260,2,7,fall_reg2,eu
Evil Geniuses,260,2,8,fall_reg2,eu
Heroic,260,2,9,fall_reg2,eu
Karmine Corp,240,2,10,fall_reg2,eu
Williams Resolve,220,2,11,fall_reg2,eu
Luminosity Gaming,190,2,12,fall_reg2,eu
Moist Esports,180,2,13,fall_reg2,eu
Vodafone Giants,140,2,14,fall_reg2,eu
FC Barcelona,110,2,15,fall_reg2,eu
Natus Vincere,110,2,16,fall_reg2,eu
Guild Esports,70,2,17,fall_reg2,eu
Aogiri,0,2,18,fall_reg2,eu
BS+COMPETITION,0,2,19,fall_reg2,eu
GROS NOOBZ,0,2,20,fall_reg2,eu
Juicers,0,2,21,fall_reg2,eu
Rix.GG,0,2,22,fall_reg2,eu
SK Gaming,0,2,23,fall_reg2,eu
Solary,0,2,24,fall_reg2,eu
Stormtroopers,0,2,25,fall_reg2,eu
Team Liquid,0,2,26,fall_reg2,eu
Team Singularity,0,2,27,fall_reg2,eu
The Bricks,0,2,28,fall_reg2,eu
Wolves Esports,0,2,29,fall_reg2,eu
WYLDE,0,2,30,fall_reg2,eu
Endpoint CeX,712,3,1,fall_reg3,eu
Dignitas,701,3,2,fall_reg3,eu
Team BDS,650,3,3,fall_reg3,eu
SMPR Esports,550,3,4,fall_reg3,eu
Team Vitality,440,3,5,fall_reg3,eu
Evil Geniuses,410,3,6,fall_reg3,eu
Karmine Corp,390,3,7,fall_reg3,eu
Misfits Gaming,390,3,8,fall_reg3,eu
00 Nation DNB,330,3,9,fall_reg3,eu
Moist Esports,330,3,10,fall_reg3,eu
Williams Resolve,330,3,11,fall_reg3,eu
Heroic,300,3,12,fall_reg3,eu
Luminosity Gaming,260,3,13,fall_reg3,eu
FC Barcelona,220,3,14,fall_reg3,eu
Vodafone Giants,210,3,15,fall_reg3,eu
Natus Vincere,110,3,16,fall_reg3,eu
The Bricks,110,3,17,fall_reg3,eu
Guild Esports,70,3,18,fall_reg3,eu
Aogiri,0,3,19,fall_reg3,eu
BS+COMPETITION,0,3,20,fall_reg3,eu
GROS NOOBZ,0,3,21,fall_reg3,eu
Juicers,0,3,22,fall_reg3,eu
Rix.GG,0,3,23,fall_reg3,eu
SK Gaming,0,3,24,fall_reg3,eu
Solary,0,3,25,fall_reg3,eu
Stormtroopers,0,3,26,fall_reg3,eu
Team Liquid,0,3,27,fall_reg3,eu
Team Singularity,0,3,28,fall_reg3,eu
Wolves Esports,0,3,29,fall_reg3,eu
WYLDE,0,3,30,fall_reg3,eu
Team BDS,1251,4,1,fall_maj,eu
Endpoint CeX,1012,4,2,fall_maj,eu
Dignitas,1001,4,3,fall_maj,eu
SMPR Esports,950,4,4,fall_maj,eu
Team Vitality,580,4,5,fall_maj,eu
Evil Geniuses,410,4,6,fall_maj,eu
Karmine Corp,390,4,7,fall_maj,eu
Misfits Gaming,390,4,8,fall_maj,eu
00 Nation DNB,330,4,9,fall_maj,eu
Moist Esports,330,4,10,fall_maj,eu
Williams Resolve,330,4,11,fall_maj,eu
Heroic,300,4,12,fall_maj,eu
Luminosity Gaming,260,4,13,fall_maj,eu
FC Barcelona,220,4,14,fall_maj,eu
Vodafone Giants,210,4,15,fall_maj,eu
Natus Vincere,110,4,16,fall_maj,eu
The Bricks,110,4,17,fall_maj,eu
Guild Esports,70,4,18,fall_maj,eu
Aogiri,0,4,19,fall_maj,eu
BS+COMPETITION,0,4,20,fall_maj,eu
GROS NOOBZ,0,4,21,fall_maj,eu
Juicers,0,4,22,fall_maj,eu
Rix.GG,0,4,23,fall_maj,eu
SK Gaming,0,4,24,fall_maj,eu
Solary,0,4,25,fall_maj,eu
Stormtroopers,0,4,26,fall_maj,eu
Team Liquid,0,4,27,fall_maj,eu
Team Singularity,0,4,28,fall_maj,eu
Wolves Esports,0,4,29,fall_maj,eu
WYLDE,0,4,30,fall_maj,eu
Team BDS,1511,5,1,win_reg1,eu
Dignitas,1301,5,2,win_reg1,eu
Endpoint CeX,1232,5,3,win_reg1,eu
SMPR Esports,1060,5,4,win_reg1,eu
Team Vitality,770,5,5,win_reg1,eu
Moist Esports,681,5,6,win_reg1,eu
Karmine Corp,550,5,7,win_reg1,eu
Evil Geniuses,520,5,8,win_reg1,eu
Williams Resolve,520,5,9,win_reg1,eu
Misfits Gaming,500,5,10,win_reg1,eu
00 Nation DNB,390,5,11,win_reg1,eu
Luminosity Gaming,370,5,12,win_reg1,eu
Heroic,300,5,13,win_reg1,eu
Natus Vincere,170,5,14,win_reg1,eu
The Bricks,170,5,15,win_reg1,eu
Team Singularity,160,5,16,win_reg1,eu
Guild Esports,70,5,17,win_reg1,eu
Rix.GG,60,5,18,win_reg1,eu
Aogiri,0,5,19,win_reg1,eu
BS+COMPETITION,0,5,20,win_reg1,eu
FC Barcelona,0,5,21,win_reg1,eu
GROS NOOBZ,0,5,22,win_reg1,eu
Juicers,0,5,23,win_reg1,eu
SK Gaming,0,5,24,win_reg1,eu
Solary,0,5,25,win_reg1,eu
Stormtroopers,0,5,26,win_reg1,eu
Team Liquid,0,5,27,win_reg1,eu
Wolves Esports,0,5,28,win_reg1,eu
WYLDE,0,5,29,win_reg1,eu
Vodafone Giants,-10,5,30,win_reg1,eu
Team BDS,1862,6,1,win_reg2,eu
Dignitas,1491,6,2,win_reg2,eu
Endpoint CeX,1342,6,3,win_reg2,eu
SMPR Esports,1170,6,4,win_reg2,eu
Moist Esports,981,6,5,win_reg2,eu
Team Vitality,830,6,6,win_reg2,eu
Evil Geniuses,780,6,7,win_reg2,eu
Misfits Gaming,720,6,8,win_reg2,eu
Karmine Corp,660,6,9,win_reg2,eu
Williams Resolve,580,6,10,win_reg2,eu
00 Nation DNB,550,6,11,win_reg2,eu
Luminosity Gaming,530,6,12,win_reg2,eu
Heroic,300,6,13,win_reg2,eu
Natus Vincere,280,6,14,win_reg2,eu
Guild Esports,260,6,15,win_reg2,eu
The Bricks,230,6,16,win_reg2,eu
Team Singularity,160,6,17,win_reg2,eu
Rix.GG,60,6,18,win_reg2,eu
Stormtroopers,60,6,19,win_reg2,eu
Aogiri,0,6,20,win_reg2,eu
BS+COMPETITION,0,6,21,win_reg2,eu
FC Barcelona,0,6,22,win_reg2,eu
GROS NOOBZ,0,6,23,win_reg2,eu
Juicers,0,6,24,win_reg2,eu
SK Gaming,0,6,25,win_reg2,eu
Solary,0,6,26,win_reg2,eu
Team Liquid,0,6,27,win_reg2,eu
Wolves Esports,0,6,28,win_reg2,eu
WYLDE,0,6,29,win_reg2,eu
Vodafone Giants,-10,6,30,win_reg2,eu
Team BDS,1972,7,1,win_reg3,eu
Dignitas,1751,7,2,win_reg3,eu
Endpoint CeX,1642,7,3,win_reg3,eu
Moist Esports,1332,7,4,win_reg3,eu
SMPR Esports,1280,7,5,win_reg3,eu
Evil Geniuses,1000,7,6,win_reg3,eu
Team Vitality,890,7,7,win_reg3,eu
Karmine Corp,820,7,8,win_reg3,eu
Misfits Gaming,780,7,9,win_reg3,eu
00 Nation DNB,740,7,10,win_reg3,eu
Luminosity Gaming,720,7,11,win_reg3,eu
Williams Resolve,690,7,12,win_reg3,eu
Guild Esports,420,7,13,win_reg3,eu
Natus Vincere,340,7,14,win_reg3,eu
The Bricks,340,7,15,win_reg3,eu
Heroic,300,7,16,win_reg3,eu
Team Singularity,160,7,17,win_reg3,eu
Rix.GG,120,7,18,win_reg3,eu
Stormtroopers,60,7,19,win_reg3,eu
Aogiri,0,7,20,win_reg3,eu
BS+COMPETITION,0,7,21,win_reg3,eu
FC Barcelona,0,7,22,win_reg3,eu
GROS NOOBZ,0,7,23,win_reg3,eu
Juicers,0,7,24,win_reg3,eu
SK Gaming,0,7,25,win_reg3,eu
Solary,0,7,26,win_reg3,eu
Team Liquid,0,7,27,win_reg3,eu
Wolves Esports,0,7,28,win_reg3,eu
WYLDE,0,7,29,win_reg3,eu
Vodafone Giants,-10,7,30,win_reg3,eu
Team BDS,2292,8,1,win_maj,eu
Dignitas,1971,8,2,win_maj,eu
Moist Esports,1932,8,3,win_maj,eu
Endpoint CeX,1862,8,4,win_maj,eu
Evil Geniuses,1320,8,5,win_maj,eu
SMPR Esports,1280,8,6,win_maj,eu
Team Vitality,890,8,7,win_maj,eu
Karmine Corp,820,8,8,win_maj,eu
Misfits Gaming,780,8,9,win_maj,eu
00 Nation DNB,740,8,10,win_maj,eu
Luminosity Gaming,720,8,11,win_maj,eu
Williams Resolve,690,8,12,win_maj,eu
Guild Esports,420,8,13,win_maj,eu
Natus Vincere,340,8,14,win_maj,eu
The Bricks,340,8,15,win_maj,eu
Heroic,300,8,16,win_maj,eu
Team Singularity,160,8,17,win_maj,eu
Rix.GG,120,8,18,win_maj,eu
Stormtroopers,60,8,19,win_maj,eu
Aogiri,0,8,20,win_maj,eu
BS+COMPETITION,0,8,21,win_maj,eu
FC Barcelona,0,8,22,win_maj,eu
GROS NOOBZ,0,8,23,win_maj,eu
Juicers,0,8,24,win_maj,eu
SK Gaming,0,8,25,win_maj,eu
Solary,0,8,26,win_maj,eu
Team Liquid,0,8,27,win_maj,eu
Wolves Esports,0,8,28,win_maj,eu
WYLDE,0,8,29,win_maj,eu
Vodafone Giants,-10,8,30,win_maj,eu
Team BDS,2693,9,1,spr_reg1,eu
Moist Esports,2282,9,2,spr_reg1,eu
Dignitas,2101,9,3,spr_reg1,eu
Endpoint CeX,1992,9,4,spr_reg1,eu
SMPR Esports,1460,9,5,spr_reg1,eu
Evil Geniuses,1400,9,6,spr_reg1,eu
Team Vitality,1140,9,7,spr_reg1,eu
Karmine Corp,1030,9,8,spr_reg1,eu
Misfits Gaming,990,9,9,spr_reg1,eu
Luminosity Gaming,850,9,10,spr_reg1,eu
00 Nation DNB,740,9,11,spr_reg1,eu
Williams Resolve,690,9,12,spr_reg1,eu
Guild Esports,420,9,13,spr_reg1,eu
Natus Vincere,340,9,14,spr_reg1,eu
The Bricks,340,9,15,spr_reg1,eu
Heroic,300,9,16,spr_reg1,eu
Solary,300,9,17,spr_reg1,eu
Team Liquid,180,9,18,spr_reg1,eu
Team Singularity,160,9,19,spr_reg1,eu
Wolves Esports,130,9,20,spr_reg1,eu
BS+COMPETITION,80,9,21,spr_reg1,eu
SK Gaming,80,9,22,spr_reg1,eu
WYLDE,80,9,23,spr_reg1,eu
Aogiri,0,9,24,spr_reg1,eu
FC Barcelona,0,9,25,spr_reg1,eu
GROS NOOBZ,0,9,26,spr_reg1,eu
Juicers,0,9,27,spr_reg1,eu
Rix.GG,0,9,28,spr_reg1,eu
Stormtroopers,0,9,29,spr_reg1,eu
Vodafone Giants,-10,9,30,spr_reg1,eu
Team BDS,3094,10,1,spr_reg2,eu
Moist Esports,2532,10,2,spr_reg2,eu
Dignitas,2231,10,3,spr_reg2,eu
Endpoint CeX,2202,10,4,spr_reg2,eu
SMPR Esports,1640,10,5,spr_reg2,eu
Evil Geniuses,1530,10,6,spr_reg2,eu
Karmine Corp,1330,10,7,spr_reg2,eu
Team Vitality,1270,10,8,spr_reg2,eu
Misfits Gaming,1070,10,9,spr_reg2,eu
Luminosity Gaming,1030,10,10,spr_reg2,eu
00 Nation DNB,820,10,11,spr_reg2,eu
Williams Resolve,690,10,12,spr_reg2,eu
Guild Esports,630,10,13,spr_reg2,eu
Team Liquid,530,10,14,spr_reg2,eu
Solary,430,10,15,spr_reg2,eu
Natus Vincere,420,10,16,spr_reg2,eu
The Bricks,340,10,17,spr_reg2,eu
Heroic,300,10,18,spr_reg2,eu
Team Singularity,160,10,19,spr_reg2,eu
Wolves Esports,130,10,20,spr_reg2,eu
Aogiri,80,10,21,spr_reg2,eu
BS+COMPETITION,80,10,22,spr_reg2,eu
SK Gaming,80,10,23,spr_reg2,eu
WYLDE,80,10,24,spr_reg2,eu
FC Barcelona,0,10,25,spr_reg2,eu
GROS NOOBZ,0,10,26,spr_reg2,eu
Juicers,0,10,27,spr_reg2,eu
Rix.GG,0,10,28,spr_reg2,eu
Stormtroopers,0,10,29,spr_reg2,eu
Vodafone Giants,-10,10,30,spr_reg2,eu
Team BDS,3444,11,1,spr_reg3,eu
Moist Esports,2933,11,2,spr_reg3,eu
Endpoint CeX,2502,11,3,spr_reg3,eu
Dignitas,2441,11,4,spr_reg3,eu
SMPR Esports,1770,11,5,spr_reg3,eu
Evil Geniuses,1740,11,6,spr_reg3,eu
Karmine Corp,1510,11,7,spr_reg3,eu
Team Vitality,1400,11,8,spr_reg3,eu
Luminosity Gaming,1210,11,9,spr_reg3,eu
Misfits Gaming,1150,11,10,spr_reg3,eu
00 Nation DNB,820,11,11,spr_reg3,eu
Team Liquid,780,11,12,spr_reg3,eu
Guild Esports,760,11,13,spr_reg3,eu
Williams Resolve,690,11,14,spr_reg3,eu
Solary,560,11,15,spr_reg3,eu
Natus Vincere,420,11,16,spr_reg3,eu
Aogiri,160,11,17,spr_reg3,eu
Wolves Esports,130,11,18,spr_reg3,eu
BS+COMPETITION,80,11,19,spr_reg3,eu
GROS NOOBZ,80,11,20,spr_reg3,eu
Juicers,80,11,21,spr_reg3,eu
SK Gaming,80,11,22,spr_reg3,eu
WYLDE,80,11,23,spr_reg3,eu
FC Barcelona,0,11,24,spr_reg3,eu
Heroic,0,11,25,spr_reg3,eu
Rix.GG,0,11,26,spr_reg3,eu
Stormtroopers,0,11,27,spr_reg3,eu
Team Singularity,0,11,28,spr_reg3,eu
The Bricks,0,11,29,spr_reg3,eu
Vodafone Giants,-10,11,30,spr_reg3,eu
Moist Esports,3734,12,1,spr_maj,eu
Team BDS,3604,12,2,spr_maj,eu
Endpoint CeX,2662,12,3,spr_maj,eu
Dignitas,2441,12,4,spr_maj,eu
Karmine Corp,2010,12,5,spr_maj,eu
SMPR Esports,1770,12,6,spr_maj,eu
Evil Geniuses,1740,12,7,spr_maj,eu
Team Vitality,1400,12,8,spr_maj,eu
Luminosity Gaming,1210,12,9,spr_maj,eu
Misfits Gaming,1150,12,10,spr_maj,eu
Team Liquid,1140,12,11,spr_maj,eu
00 Nation DNB,820,12,12,spr_maj,eu
Guild Esports,760,12,13,spr_maj,eu
Williams Resolve,690,12,14,spr_maj,eu
Solary,560,12,15,spr_maj,eu
Natus Vincere,420,12,16,spr_maj,eu
Aogiri,160,12,17,spr_maj,eu
Wolves Esports,130,12,18,spr_maj,eu
BS+COMPETITION,80,12,19,spr_maj,eu
GROS NOOBZ,80,12,20,spr_maj,eu
Juicers,80,12,21,spr_maj,eu
SK Gaming,80,12,22,spr_maj,eu
WYLDE,80,12,23,spr_maj,eu
FC Barcelona,0,12,24,spr_maj,eu
Heroic,0,12,25,spr_maj,eu
Rix.GG,0,12,26,spr_maj,eu
Stormtroopers,0,12,27,spr_maj,eu
Team Singularity,0,12,28,spr_maj,eu
The Bricks,0,12,29,spr_maj,eu
Vodafone Giants,-10,12,30,spr_maj,eu
